"PK_DHFF_HABITAT";"CD_UE";"LB_NIVEAU1";"LB_NIVEAU2";"FRANCE";"LB_HABDH_FR";"HDNAME";"PRIORITAIRE";"ALP";"ATL";"CON";"MED";"MATL";"MMED";"TERRE";"MER";"COMMENTAIRE"
1,00;"1110";"Habitats côtiers et végétations halophytiques";"Eaux marines et milieux à marées";"true";"Bancs de sable à faible couverture permanente d'eau marine";"Sandbanks which are slightly covered by sea water all the time";"false";;;;;1,00;1,00;"false";"true";
2,00;"1120";"Habitats côtiers et végétations halophytiques";"Eaux marines et milieux à marées";"true";"Herbiers de posidonies (Posidonion oceanicae)";"Posidonia beds (Posidonion oceanicae)";"true";;;;;;1,00;"false";"true";
3,00;"1130";"Habitats côtiers et végétations halophytiques";"Eaux marines et milieux à marées";"true";"Estuaires";"Estuaries";"false";;;;;1,00;1,00;"false";"true";
4,00;"1140";"Habitats côtiers et végétations halophytiques";"Eaux marines et milieux à marées";"true";"Replats boueux ou sableux exondés à marée basse";"Mudflats and sandflats not covered by seawater at low tide";"false";;;;;1,00;1,00;"false";"true";
5,00;"1150";"Habitats côtiers et végétations halophytiques";"Eaux marines et milieux à marées";"true";"Lagunes côtières";"Coastal lagoons";"true";;1,00;;1,00;;;"true";"false";
6,00;"1160";"Habitats côtiers et végétations halophytiques";"Eaux marines et milieux à marées";"true";"Grandes criques et baies peu profondes";"Large shallow inlets and bays";"false";;;;;1,00;1,00;"false";"true";
7,00;"1170";"Habitats côtiers et végétations halophytiques";"Eaux marines et milieux à marées";"true";"Récifs";"Reefs";"false";;;;;1,00;1,00;"false";"true";
8,00;"1210";"Habitats côtiers et végétations halophytiques";"Falaises maritimes et plages de galets";"true";"Végétation annuelle des laissés de mer";"Annual vegetation of drift lines";"false";;1,00;;1,00;;;"true";"false";
9,00;"1220";"Habitats côtiers et végétations halophytiques";"Falaises maritimes et plages de galets";"true";"Végétation vivace des rivages de galets";"Perennial vegetation of stony banks";"false";;1,00;;;;;"true";"false";
10,00;"1230";"Habitats côtiers et végétations halophytiques";"Falaises maritimes et plages de galets";"true";"Falaises avec végétation des côtes atlantiques et baltiques";"Vegetated sea cliffs of the Atlantic and Baltic Coasts";"false";;1,00;;;;;"true";"false";
11,00;"1240";"Habitats côtiers et végétations halophytiques";"Falaises maritimes et plages de galets";"true";"Falaises avec végétation des côtes méditerranéennes avec Limonium spp. endémiques";"Vegetated sea cliffs of the Mediterranean coasts with endemic Limonium spp.";"false";;;;1,00;;;"true";"false";
12,00;"1310";"Habitats côtiers et végétations halophytiques";"Marais et prés salés atlantiques et continentaux";"true";"Végétations pionnières à Salicornia et autres espèces annuelles des zones boueuses et sableuses";"Salicornia and other annuals colonizing mud and sand";"false";;1,00;1,00;1,00;;;"true";"false";
13,00;"1320";"Habitats côtiers et végétations halophytiques";"Marais et prés salés atlantiques et continentaux";"true";"Prés à Spartina (Spartinion maritimae)";"Spartina swards (Spartinion maritimae)";"false";;1,00;;;;;"true";"false";
14,00;"1330";"Habitats côtiers et végétations halophytiques";"Marais et prés salés atlantiques et continentaux";"true";"Prés-salés atlantiques (Glauco-Puccinellietalia maritimae)";"Atlantic salt meadows (Glauco-Puccinellietalia maritimae)";"false";;1,00;;;;;"true";"false";
15,00;"1340";"Habitats côtiers et végétations halophytiques";"Marais et prés salés atlantiques et continentaux";"true";"Prés-salés intérieurs";"Inland salt meadows";"true";1,00;;1,00;;;;"true";"false";
16,00;"1410";"Habitats côtiers et végétations halophytiques";"Marais et prés salés méditerranéens et thermo-atla";"true";"Prés-salés méditerranéens (Juncetalia maritimi)";"Mediterranean salt meadows (Juncetalia maritimi)";"false";;1,00;;1,00;;;"true";"false";
17,00;"1420";"Habitats côtiers et végétations halophytiques";"Marais et prés salés méditerranéens et thermo-atla";"true";"Fourrés halophiles méditerranéens et thermo-atlantiques (Sarcocornietea fruticosi)";"Mediterranean and thermo-Atlantic halophilous scrubs (Sarcocornetea fruticosi)";"false";;1,00;;1,00;;;"true";"false";
18,00;"1430";"Habitats côtiers et végétations halophytiques";"Marais et prés salés méditerranéens et thermo-atla";"true";"Fourrés halonitrophiles (Pegano-Salsoletea)";"Halo-nitrophilous scrubs (Pegano-Salsoletea)";"false";;1,00;;1,00;;;"true";"false";
19,00;"1510";"Habitats côtiers et végétations halophytiques";"Steppes intérieures halophiles et gypsophiles";"true";"Steppes salées méditerranéennes (Limonietalia)";"Mediterranean salt steppes (Limonietalia)";"true";;;;1,00;;;"true";"false";
20,00;"2110";"Dunes maritimes et intérieures";"Dunes maritimes des rivages atlantiques, de la mer";"true";"Dunes mobiles embryonnaires";"Embryonic shifting dunes";"false";;1,00;;1,00;;;"true";"false";
21,00;"2120";"Dunes maritimes et intérieures";"Dunes maritimes des rivages atlantiques, de la mer";"true";"Dunes mobiles du cordon littoral à Ammophila arenaria (dunes blanches)";"Shifting dunes along the shoreline with Ammophila arenaria (""white dunes"")";"false";;1,00;;1,00;;;"true";"false";
22,00;"2130";"Dunes maritimes et intérieures";"Dunes maritimes des rivages atlantiques, de la mer";"true";"Dunes côtières fixées à végétation herbacée (dunes grises)";"Fixed coastal dunes with herbaceous vegetation (""grey dunes"")";"true";;1,00;;;;;"true";"false";
23,00;"2150";"Dunes maritimes et intérieures";"Dunes maritimes des rivages atlantiques, de la mer";"true";"Dunes fixées décalcifiées atlantiques (Calluno-Ulicetea)";"Atlantic decalcified fixed dunes (Calluno-Ulicetea)";"true";;1,00;;;;;"true";"false";
24,00;"2160";"Dunes maritimes et intérieures";"Dunes maritimes des rivages atlantiques, de la mer";"true";"Dunes à Hippophaë rhamnoides";"Dunes with Hippophaë rhamnoides";"false";;1,00;;;;;"true";"false";
25,00;"2170";"Dunes maritimes et intérieures";"Dunes maritimes des rivages atlantiques, de la mer";"true";"Dunes à Salix repens spp. argentea (Salicion arenariae)";"Dunes with Salix repens ssp. argentea (Salicion arenariae)";"false";;1,00;;;;;"true";"false";
26,00;"2180";"Dunes maritimes et intérieures";"Dunes maritimes des rivages atlantiques, de la mer";"true";"Dunes boisées des régions atlantique, continentale et boréale";"Wooded dunes of the Atlantic, Continental and Boreal region";"false";;1,00;;;;;"true";"false";
27,00;"2190";"Dunes maritimes et intérieures";"Dunes maritimes des rivages atlantiques, de la mer";"true";"Dépressions humides intradunaires";"Humid dune slacks";"false";;1,00;;1,00;;;"true";"false";
28,00;"2210";"Dunes maritimes et intérieures";"Dunes maritimes des rivages méditerranéens";"true";"Dunes fixées du littoral du Crucianellion maritimae";"Crucianellion maritimae fixed beach dunes";"false";;;;1,00;;;"true";"false";
29,00;"2230";"Dunes maritimes et intérieures";"Dunes maritimes des rivages méditerranéens";"true";"Dunes avec pelouses des Malcolmietalia";"Malcolmietalia dune grasslands";"false";;;;1,00;;;"true";"false";
30,00;"2240";"Dunes maritimes et intérieures";"Dunes maritimes des rivages méditerranéens";"true";"Dunes avec pelouses des Brachypodietalia et des plantes annuelles";"Brachypodietalia dune grasslands with annuals";"false";;;;1,00;;;"true";"false";
31,00;"2250";"Dunes maritimes et intérieures";"Dunes maritimes des rivages méditerranéens";"true";"Dunes littorales à Juniperus spp.";"Coastal dunes with Juniperus spp.";"true";;;;1,00;;;"true";"false";
32,00;"2260";"Dunes maritimes et intérieures";"Dunes maritimes des rivages méditerranéens";"true";"Dunes à végétation sclérophylle des Cisto-Lavanduletalia";"Cisto-Lavenduletalia dune sclerophyllous scrubs";"false";;1,00;;1,00;;;"true";"false";
33,00;"2270";"Dunes maritimes et intérieures";"Dunes maritimes des rivages méditerranéens";"true";"Dunes avec forêts à Pinus pinea et/ou Pinus pinaster";"Wooded dunes with Pinus pinea and/or Pinus pinaster";"true";;1,00;;1,00;;;"true";"false";
34,00;"2330";"Dunes maritimes et intérieures";"Dunes intérieures, anciennes et décalcifiées";"true";"Dunes intérieures avec pelouses ouvertes à Corynephorus et Agrostis";"Inland dunes with open Corynephorus and Agrostis grasslands";"false";;1,00;1,00;1,00;;;"true";"false";
35,00;"3110";"Habitats d'eaux douces";"Eaux dormantes";"true";"Eaux oligotrophes très peu minéralisées des plaines sablonneuses (Littorelletalia uniflorae)";"Oligotrophic waters containing very few minerals of sandy plains (Littorelletalia uniflorae)";"false";;1,00;1,00;;;;"true";"false";
36,00;"3120";"Habitats d'eaux douces";"Eaux dormantes";"true";"Eaux oligotrophes très peu minéralisées sur sols généralement sableux de l'ouest méditerranéen à Isoëtes spp.";"Oligotrophic waters containing very few minerals generally on sandy soils of the West Mediterranean, with Isoetes spp.";"false";;1,00;1,00;1,00;;;"true";"false";
37,00;"3130";"Habitats d'eaux douces";"Eaux dormantes";"true";"Eaux stagnantes, oligotrophes à mésotrophes avec végétation des Littorelletea uniflorae et/ou des Isoeto-Nanojuncetea";"Oligotrophic to mesotrophic standing waters with vegetation of the Littorelletea uniflorae and/or of the Isoëto-Nanojuncetea";"false";1,00;1,00;1,00;1,00;;;"true";"false";
38,00;"3140";"Habitats d'eaux douces";"Eaux dormantes";"true";"Eaux oligomésotrophes calcaires avec végétation benthique à Chara spp.";"Hard oligo-mesotrophic waters with benthic vegetation of Chara spp.";"false";1,00;1,00;1,00;1,00;;;"true";"false";
39,00;"3150";"Habitats d'eaux douces";"Eaux dormantes";"true";"Lacs eutrophes naturels avec végétation du Magnopotamion ou de l'Hydrocharition";"Natural eutrophic lakes with Magnopotamion or Hydrocharition - type vegetation";"false";1,00;1,00;1,00;1,00;;;"true";"false";
40,00;"3160";"Habitats d'eaux douces";"Eaux dormantes";"true";"Lacs et mares dystrophes naturels";"Natural dystrophic lakes and ponds";"false";1,00;1,00;1,00;;;;"true";"false";
41,00;"3170";"Habitats d'eaux douces";"Eaux dormantes";"true";"Mares temporaires méditerranéennes";"Mediterranean temporary ponds";"true";;14,00;6,00;1,00;;;"true";"false";"ATL-SR, CON-MAR"
42,00;"3220";"Habitats d'eaux douces";"Eaux courantes";"true";"Rivières alpines avec végétation ripicole herbacée";"Alpine rivers and the herbaceous vegetation along their banks";"false";1,00;;;6,00;;;"true";"false";"MED-MAR"
43,00;"3230";"Habitats d'eaux douces";"Eaux courantes";"true";"Rivières alpines avec végétation ripicole ligneuse à Myricaria germanica";"Alpine rivers and their ligneous vegetation with Myricaria germanica";"false";1,00;;1,00;1,00;;;"true";"false";
44,00;"3240";"Habitats d'eaux douces";"Eaux courantes";"true";"Rivières alpines avec végétation ripicole ligneuse à Salix elaeagnos";"Alpine rivers and their ligneous vegetation with Salix elaeagnos";"false";1,00;;1,00;1,00;;;"true";"false";
45,00;"3250";"Habitats d'eaux douces";"Eaux courantes";"true";"Rivières permanentes méditerranéennes à Glaucium flavum";"Constantly flowing Mediterranean rivers with Glaucium flavum";"false";1,00;;;1,00;;;"true";"false";
46,00;"3260";"Habitats d'eaux douces";"Eaux courantes";"true";"Rivières des étages planitiaire à montagnard avec végétation du Ranunculion fluitantis et du Callitricho-Batrachion";"Water courses of plain to montane levels with the Ranunculion fluitantis and Callitricho-Batrachion vegetation";"false";1,00;1,00;1,00;1,00;;;"true";"false";
47,00;"3270";"Habitats d'eaux douces";"Eaux courantes";"true";"Rivières avec berges vaseuses avec végétation du Chenopodion rubri p.p. et du Bidention p.p.";"Rivers with muddy banks with Chenopodion rubri p.p. and Bidention p.p. vegetation";"false";1,00;1,00;1,00;1,00;;;"true";"false";
48,00;"3280";"Habitats d'eaux douces";"Eaux courantes";"true";"Rivières permanentes méditerranéennes du Paspalo-Agrostidion avec rideaux boisés riverains à Salix et Populus alba";"Constantly flowing Mediterranean rivers with Paspalo-Agrostidion species and hanging curtains of Salix and Populus alba";"false";;;;1,00;;;"true";"false";
49,00;"3290";"Habitats d'eaux douces";"Eaux courantes";"true";"Rivières intermittentes méditerranéennes du Paspalo-Agrostidion";"Intermittently flowing Mediterranean rivers of the Paspalo-Agrostidion";"false";;;;1,00;;;"true";"false";
50,00;"4010";"Landes et fourrés tempérés";"Landes et fourrés tempérés";"true";"Landes humides atlantiques septentrionales à Erica tetralix";"Northern Atlantic wet heaths with Erica tetralix";"false";;1,00;1,00;;;;"true";"false";
51,00;"4020";"Landes et fourrés tempérés";"Landes et fourrés tempérés";"true";"Landes humides atlantiques tempérées à Erica ciliaris et Erica tetralix";"Temperate Atlantic wet heaths with Erica ciliaris and Erica tetralix";"true";1,00;1,00;1,00;;;;"true";"false";
52,00;"4030";"Landes et fourrés tempérés";"Landes et fourrés tempérés";"true";"Landes sèches européennes";"European dry heaths";"false";1,00;1,00;1,00;1,00;;;"true";"false";
53,00;"4040";"Landes et fourrés tempérés";"Landes et fourrés tempérés";"true";"Landes sèches atlantiques littorales à Erica vagans";"Dry Atlantic coastal heaths with Erica vagans";"true";;1,00;;;;;"true";"false";
54,00;"4060";"Landes et fourrés tempérés";"Landes et fourrés tempérés";"true";"Landes alpines et boréales";"Alpine and Boreal heaths";"false";1,00;;1,00;1,00;;;"true";"false";
55,00;"4070";"Landes et fourrés tempérés";"Landes et fourrés tempérés";"true";"Fourrés à Pinus mugo et Rhododendron hirsutum (Mugo-Rhododendretum hirsuti)";"Bushes with Pinus mugo and Rhododendron hirsutum (Mugo-Rhododendretum hirsuti)";"true";1,00;;;;;;"true";"false";
56,00;"4080";"Landes et fourrés tempérés";"Landes et fourrés tempérés";"true";"Fourrés de Salix spp. subarctiques";"Sub-Arctic Salix spp. scrub";"false";1,00;;1,00;;;;"true";"false";
57,00;"4090";"Landes et fourrés tempérés";"Landes et fourrés tempérés";"true";"Landes oroméditerranéennes endémiques à genêts épineux";"Endemic oro-Mediterranean heaths with gorse";"false";1,00;1,00;;1,00;;;"true";"false";
58,00;"5110";"Fourrés sclérophylles (matorrals)";"Fourrés subméditerranéens et tempérés";"true";"Formations stables xérothermophiles à Buxus sempervirens des pentes rocheuses (Berberidion p.p.)";"Stable xerothermophilous formations with Buxus sempervirens on rock slopes (Berberidion p.p.)";"false";1,00;1,00;1,00;1,00;;;"true";"false";
59,00;"5120";"Fourrés sclérophylles (matorrals)";"Fourrés subméditerranéens et tempérés";"true";"Formations montagnardes à Cytisus purgans";"Mountain Cytisus purgans formations";"false";1,00;;1,00;1,00;;;"true";"false";
60,00;"5130";"Fourrés sclérophylles (matorrals)";"Fourrés subméditerranéens et tempérés";"true";"Formations à Juniperus communis sur landes ou pelouses calcaires";"Juniperus communis formations on heaths or calcareous grasslands";"false";1,00;1,00;1,00;1,00;;;"true";"false";
61,00;"5210";"Fourrés sclérophylles (matorrals)";"Matorrals arborescents méditerranéens";"true";"Matorrals arborescents à Juniperus spp.";"Arborescent matorral with Juniperus spp.";"false";1,00;;;1,00;;;"true";"false";
62,00;"5310";"Fourrés sclérophylles (matorrals)";"Fourrés thermoméditerranéens et présteppiques";"true";"Taillis de Laurus nobilis";"Laurus nobilis thickets";"false";;;;1,00;;;"true";"false";
63,00;"5320";"Fourrés sclérophylles (matorrals)";"Fourrés thermoméditerranéens et présteppiques";"true";"Formations basses d'euphorbes près des falaises";"Low formations of Euphorbia close to cliffs";"false";;;;1,00;;;"true";"false";
64,00;"5330";"Fourrés sclérophylles (matorrals)";"Fourrés thermoméditerranéens et présteppiques";"true";"Fourrés thermoméditerranéens et prédésertiques";"Thermo-Mediterranean and pre-desert scrub";"false";;;;1,00;;;"true";"false";
65,00;"5410";"Fourrés sclérophylles (matorrals)";"Phryganes";"true";"Phryganes ouest-méditerranéennes des sommets des falaises (Astralago-Plantaginetum subulatae)";"West Mediterranean clifftop phryganas (Astragalo-Plantaginetum subulatae)";"false";;;;1,00;;;"true";"false";
66,00;"6110";"Formations herbeuses naturelles et semi-naturelles";"Pelouses naturelles";"true";"Pelouses rupicoles calcaires ou basiphiles de l'Alysso-Sedion albi";"Rupicolous calcareous or basophilic grasslands of the Alysso-Sedion albi";"true";1,00;1,00;1,00;1,00;;;"true";"false";
67,00;"6120";"Formations herbeuses naturelles et semi-naturelles";"Pelouses naturelles";"true";"Pelouses calcaires de sables xériques";"Xeric sand calcareous grasslands";"true";;1,00;1,00;1,00;;;"true";"false";
68,00;"6130";"Formations herbeuses naturelles et semi-naturelles";"Pelouses naturelles";"true";"Pelouses calaminaires des Violetalia calaminariae";"Calaminarian grasslands of the Violetalia calaminariae";"false";1,00;1,00;;1,00;;;"true";"false";
69,00;"6140";"Formations herbeuses naturelles et semi-naturelles";"Pelouses naturelles";"true";"Pelouses pyrénéennes siliceuses à Festuca eskia";"Siliceous Pyrenean Festuca eskia grasslands";"false";1,00;;;;;;"true";"false";
70,00;"6150";"Formations herbeuses naturelles et semi-naturelles";"Pelouses naturelles";"true";"Pelouses boréo-alpines siliceuses";"Siliceous alpine and boreal grasslands";"false";1,00;;;;;;"true";"false";
71,00;"6170";"Formations herbeuses naturelles et semi-naturelles";"Pelouses naturelles";"true";"Pelouses calcaires alpines et subalpines";"Alpine and subalpine calcareous grasslands";"false";1,00;;1,00;1,00;;;"true";"false";
72,00;"6210";"Formations herbeuses naturelles et semi-naturelles";"Formations herbeuses sèches semi-naturelles et fac";"true";"Pelouses sèches semi-naturelles et faciès d'embuissonnement sur calcaires (Festuco-Brometalia) (* sites d'orchidées remarquables)";"Semi-natural dry grasslands and scrubland facies on calcareous substrates (Festuco-Brometalia) (* important orchid sites)";"false";1,00;1,00;1,00;1,00;;;"true";"false";
73,00;"6220";"Formations herbeuses naturelles et semi-naturelles";"Formations herbeuses sèches semi-naturelles et fac";"true";"Parcours substeppiques de graminées et annuelles des Thero-Brachypodietea";"Pseudo-steppe with grasses and annuals of the Thero-Brachypodietea";"true";;1,00;1,00;1,00;;;"true";"false";
74,00;"6230";"Formations herbeuses naturelles et semi-naturelles";"Formations herbeuses sèches semi-naturelles et fac";"true";"Formations herbeuses à Nardus, riches en espèces, sur substrats siliceux des zones montagnardes (et des zones submontagnardes de l'Europe continentale)";"Species-rich Nardus grasslands, on silicious substrates in mountain areas (and submountain areas in Continental Europe)";"true";1,00;1,00;1,00;1,00;;;"true";"false";
75,00;"6310";"Formations herbeuses naturelles et semi-naturelles";"Forêts sclérophylles pâturées (dehesas)";"true";"Dehesas à Quercus spp. sempervirents";"Dehesas with evergreen Quercus spp.";"false";;;;14,00;;;"true";"false";"MED-SR"
76,00;"6410";"Formations herbeuses naturelles et semi-naturelles";"Prairies humides semi-naturelles à hautes herbes";"true";"Prairies à Molinia sur sols calcaires, tourbeux ou argilo-limoneux (Molinion caeruleae)";"Molinia meadows on calcareous, peaty or clayey-silt-laden soils (Molinion caeruleae)";"false";1,00;1,00;1,00;1,00;;;"true";"false";
77,00;"6420";"Formations herbeuses naturelles et semi-naturelles";"Prairies humides semi-naturelles à hautes herbes";"true";"Prairies humides méditerranéennes à grandes herbes du Molinio-Holoschoenion";"Mediterranean tall humid grasslands of the Molinio-Holoschoenion";"false";;1,00;;1,00;;;"true";"false";
78,00;"6430";"Formations herbeuses naturelles et semi-naturelles";"Prairies humides semi-naturelles à hautes herbes";"true";"Mégaphorbiaies hygrophiles d'ourlets planitiaires et des étages montagnard à alpin";"Hydrophilous tall herb fringe communities of plains and of the montane to alpine levels";"false";1,00;1,00;1,00;1,00;;;"true";"false";
79,00;"6440";"Formations herbeuses naturelles et semi-naturelles";"Prairies humides semi-naturelles à hautes herbes";"true";"Prairies alluviales inondables du Cnidion dubii";"Alluvial meadows of river valleys of the Cnidion dubii";"false";;;1,00;;;;"true";"false";
80,00;"6510";"Formations herbeuses naturelles et semi-naturelles";"Pelouses mésophiles";"true";"Prairies maigres de fauche de basse altitude (Alopecurus pratensis, Sanguisorba officinalis)";"Lowland hay meadows (Alopecurus pratensis, Sanguisorba officinalis)";"false";1,00;1,00;1,00;1,00;;;"true";"false";
81,00;"6520";"Formations herbeuses naturelles et semi-naturelles";"Pelouses mésophiles";"true";"Prairies de fauche de montagne";"Mountain hay meadows";"false";1,00;;1,00;1,00;;;"true";"false";
82,00;"7110";"Tourbières hautes, tourbières basses et bas-marais";"Tourbières acides à Sphaignes";"true";"Tourbières hautes actives";"Active raised bogs";"true";1,00;1,00;1,00;6,00;;;"true";"false";
83,00;"7120";"Tourbières hautes, tourbières basses et bas-marais";"Tourbières acides à Sphaignes";"true";"Tourbières hautes dégradées encore susceptibles de régénération naturelle";"Degraded raised bogs still capable of natural regeneration";"false";1,00;1,00;1,00;;;;"true";"false";
84,00;"7130";"Tourbières hautes, tourbières basses et bas-marais";"Tourbières acides à Sphaignes";"true";"Tourbières de couverture (* tourbières actives seulement)";"Blanket bogs (* if active bog)";"false";;1,00;;;;;"true";"false";
85,00;"7140";"Tourbières hautes, tourbières basses et bas-marais";"Tourbières acides à Sphaignes";"true";"Tourbières de transition et tremblantes";"Transition mires and quaking bogs";"false";1,00;1,00;1,00;;;;"true";"false";
86,00;"7150";"Tourbières hautes, tourbières basses et bas-marais";"Tourbières acides à Sphaignes";"true";"Dépressions sur substrats tourbeux du Rhynchosporion";"Depressions on peat substrates of the Rhynchosporion";"false";1,00;1,00;1,00;;;;"true";"false";
87,00;"7210";"Tourbières hautes, tourbières basses et bas-marais";"Bas-marais calcaires";"true";"Marais calcaires à Cladium mariscus et espèces du Caricion davallianae";"Calcareous fens with Cladium mariscus and species of the Caricion davallianae";"true";1,00;1,00;1,00;1,00;;;"true";"false";
88,00;"7220";"Tourbières hautes, tourbières basses et bas-marais";"Bas-marais calcaires";"true";"Sources pétrifiantes avec formation de tuf (Cratoneurion)";"Petrifying springs with tufa formation (Cratoneurion)";"true";1,00;1,00;1,00;1,00;;;"true";"false";
89,00;"7230";"Tourbières hautes, tourbières basses et bas-marais";"Bas-marais calcaires";"true";"Tourbières basses alcalines";"Alkaline fens";"false";1,00;1,00;1,00;1,00;;;"true";"false";
90,00;"7240";"Tourbières hautes, tourbières basses et bas-marais";"Bas-marais calcaires";"true";"Formations pionnières alpines du Caricion bicoloris-atrofuscae";"Alpine pioneer formations of the Caricion bicoloris-atrofuscae";"true";1,00;;14,00;14,00;;;"true";"false";"CON-SR, MED-SR"
91,00;"8110";"Habitats rocheux et grottes";"Éboulis rocheux";"true";"Eboulis siliceux de l'étage montagnard à nival (Androsacetalia alpinae et Galeopsietalia ladani)";"Siliceous scree of the montane to snow levels (Androsacetalia alpinae and Galeopsietalia ladani)";"false";1,00;6,00;1,00;1,00;;;"true";"false";"ATL-MAR"
92,00;"8120";"Habitats rocheux et grottes";"Éboulis rocheux";"true";"Eboulis calcaires et de schistes calcaires des étages montagnard à alpin (Thlaspietea rotundifolii)";"Calcareous and calcshist screes of the montane to alpine levels (Thlaspietea rotundifolii)";"false";1,00;;1,00;1,00;;;"true";"false";
93,00;"8130";"Habitats rocheux et grottes";"Éboulis rocheux";"true";"Eboulis ouest-méditerranéens et thermophiles";"Western Mediterranean and thermophilous scree";"false";1,00;1,00;1,00;1,00;;;"true";"false";
94,00;"8150";"Habitats rocheux et grottes";"Éboulis rocheux";"true";"Eboulis médio-européens siliceux des régions hautes";"Medio-European upland siliceous screes";"false";1,00;1,00;1,00;1,00;;;"true";"false";
95,00;"8160";"Habitats rocheux et grottes";"Éboulis rocheux";"true";"Eboulis médio-européens calcaires des étages collinéen à montagnard";"Medio-European calcareous scree of hill and montane levels";"true";1,00;1,00;1,00;;;;"true";"false";
96,00;"8210";"Habitats rocheux et grottes";"Pentes rocheuses avec végétation chasmophytique";"true";"Pentes rocheuses calcaires avec végétation chasmophytique";"Calcareous rocky slopes with chasmophytic vegetation";"false";1,00;1,00;1,00;1,00;;;"true";"false";
97,00;"8220";"Habitats rocheux et grottes";"Pentes rocheuses avec végétation chasmophytique";"true";"Pentes rocheuses siliceuses avec végétation chasmophytique";"Siliceous rocky slopes with chasmophytic vegetation";"false";1,00;1,00;1,00;1,00;;;"true";"false";
98,00;"8230";"Habitats rocheux et grottes";"Pentes rocheuses avec végétation chasmophytique";"true";"Roches siliceuses avec végétation pionnière du Sedo-Scleranthion ou du Sedo albi-Veronicion dillenii";"Siliceous rock with pioneer vegetation of the Sedo-Scleranthion or of the Sedo albi-Veronicion dillenii";"false";1,00;1,00;1,00;1,00;;;"true";"false";
99,00;"8240";"Habitats rocheux et grottes";"Pentes rocheuses avec végétation chasmophytique";"true";"Pavements calcaires";"Limestone pavements";"true";1,00;;1,00;1,00;;;"true";"false";
100,00;"8310";"Habitats rocheux et grottes";"Autres habitats rocheux";"true";"Grottes non exploitées par le tourisme";"Caves not open to the public";"false";1,00;1,00;1,00;1,00;;;"true";"false";
101,00;"8330";"Habitats rocheux et grottes";"Autres habitats rocheux";"true";"Grottes marines submergées ou semi-submergées";"Submerged or partially submerged sea caves";"false";;;;;1,00;1,00;"false";"true";
102,00;"8340";"Habitats rocheux et grottes";"Autres habitats rocheux";"true";"Glaciers permanents";"Permanent glaciers";"false";1,00;;;;;;"true";"false";
103,00;"9110";"Forêts";"Forêts de l'Europe tempérée";"true";"Hêtraies du Luzulo-Fagetum";"Luzulo-Fagetum beech forests";"false";1,00;1,00;1,00;;;;"true";"false";
104,00;"9120";"Forêts";"Forêts de l'Europe tempérée";"true";"Hêtraies acidophiles atlantiques à sous-bois à Ilex et parfois à Taxus (Quercion robori-petraeae ou Ilici-Fagenion)";"Atlantic acidophilous beech forests with Ilex and sometimes also Taxus in the shrublayer (Quercion robori-petraeae or Ilici-Fagenion)";"false";1,00;1,00;1,00;1,00;;;"true";"false";
105,00;"9130";"Forêts";"Forêts de l'Europe tempérée";"true";"Hêtraies de l'Asperulo-Fagetum";"Asperulo-Fagetum beech forests";"false";1,00;1,00;1,00;;;;"true";"false";
106,00;"9140";"Forêts";"Forêts de l'Europe tempérée";"true";"Hêtraies subalpines médio-européennes à Acer et Rumex arifolius";"Medio-European subalpine beech woods with Acer and Rumex arifolius";"false";1,00;;1,00;;;;"true";"false";
107,00;"9150";"Forêts";"Forêts de l'Europe tempérée";"true";"Hêtraies calcicoles médio-européennes du Cephalanthero-Fagion";"Medio-European limestone beech forests of the Cephalanthero-Fagion";"false";1,00;1,00;1,00;1,00;;;"true";"false";
108,00;"9160";"Forêts";"Forêts de l'Europe tempérée";"true";"Chênaies pédonculées ou chênaies-charmaies subatlantiques et médio-européennes du Carpinion betuli";"Sub-Atlantic and medio-European oak or oak-hornbeam forests of the Carpinion betuli";"false";;1,00;1,00;;;;"true";"false";
109,00;"9170";"Forêts";"Forêts de l'Europe tempérée";"true";"Chênaies-charmaies du Galio-Carpinetum";"Galio-Carpinetum oak-hornbeam forests";"false";;;1,00;;;;"true";"false";
110,00;"9180";"Forêts";"Forêts de l'Europe tempérée";"true";"Forêts de pentes, éboulis ou ravins du Tilio-Acerion";"Tilio-Acerion forests of slopes, screes and ravines";"true";1,00;1,00;1,00;1,00;;;"true";"false";
111,00;"9190";"Forêts";"Forêts de l'Europe tempérée";"true";"Vieilles chênaies acidophiles des plaines sablonneuses à Quercus robur";"Old acidophilous oak woods with Quercus robur on sandy plains";"false";;1,00;1,00;;;;"true";"false";
112,00;"91A0";"Forêts";"Forêts de l'Europe tempérée";"true";"Vieilles chênaies des îles Britanniques à Ilex et Blechnum";"Old sessile oak woods with Ilex and Blechnum in the British Isles";"false";;1,00;;;;;"true";"false";
113,00;"91B0";"Forêts";"Forêts de l'Europe tempérée";"true";"Frênaies thermophiles à Fraxinus angustifolia";"Thermophilous Fraxinus angustifolia woods";"false";;;;1,00;;;"true";"false";
114,00;"91D0";"Forêts";"Forêts de l'Europe tempérée";"true";"Tourbières boisées";"Bog woodland";"true";1,00;1,00;1,00;;;;"true";"false";
115,00;"91E0";"Forêts";"Forêts de l'Europe tempérée";"true";"Forêts alluviales à Alnus glutinosa et Fraxinus excelsior (Alno-Padion, Alnion incanae, Salicion albae)";"Alluvial forests with Alnus glutinosa and Fraxinus excelsior (Alno-Padion, Alnion incanae, Salicion albae)";"true";1,00;1,00;1,00;1,00;;;"true";"false";
117,00;"91F0";"Forêts";"Forêts de l'Europe tempérée";"true";"Forêts mixtes à Quercus robur, Ulmus laevis, Ulmus minor, Fraxinus excelsior ou Fraxinus angustifolia, riveraines des grands fleuves (Ulmenion minoris)";"Riparian mixed forests of Quercus robur, Ulmus laevis and Ulmus minor, Fraxinus excelsior or Fraxinus angustifolia, along the great rivers (Ulmenion minoris)";"false";;1,00;1,00;1,00;;;"true";"false";
119,00;"9230";"Forêts";"Forêts méditerranéennes à feuilles caduques";"true";"Chênaies galicio-portugaises à Quercus robur et Quercus pyrenaica";"Galicio-Portuguese oak woods with Quercus robur and Quercus pyrenaica";"false";;1,00;;;;;"true";"false";
120,00;"9260";"Forêts";"Forêts méditerranéennes à feuilles caduques";"true";"Forêts de Castanea sativa";"Castanea sativa woods";"false";1,00;;1,00;1,00;;;"true";"false";
121,00;"92A0";"Forêts";"Forêts méditerranéennes à feuilles caduques";"true";"Forêts-galeries à Salix alba et Populus alba";"Salix alba and Populus alba galleries";"false";;;1,00;1,00;;;"true";"false";
122,00;"92D0";"Forêts";"Forêts méditerranéennes à feuilles caduques";"true";"Galeries et fourrés riverains méridionaux (Nerio-Tamaricetea et Securinegion tinctoriae)";"Southern riparian galleries and thickets (Nerio-Tamaricetea and Securinegion tinctoriae)";"false";;;;1,00;;;"true";"false";
123,00;"9320";"Forêts";"Forêts sclérophylles méditerranéennes";"true";"Forêts à Olea et Ceratonia";"Olea and Ceratonia forests";"false";;;;1,00;;;"true";"false";
124,00;"9330";"Forêts";"Forêts sclérophylles méditerranéennes";"true";"Forêts à Quercus suber";"Quercus suber forests";"false";;1,00;;1,00;;;"true";"false";
125,00;"9340";"Forêts";"Forêts sclérophylles méditerranéennes";"true";"Forêts à Quercus ilex et Quercus rotundifolia";"Quercus ilex and Quercus rotundifolia forests";"false";1,00;1,00;;1,00;;;"true";"false";
126,00;"9380";"Forêts";"Forêts sclérophylles méditerranéennes";"true";"Forêts à Ilex aquifolium";"Forests of Ilex aquifolium";"false";;;;1,00;;;"true";"false";
127,00;"9410";"Forêts";"Forêts de conifères des montagnes tempérées";"true";"Forêts acidophiles à Picea des étages montagnard à alpin (Vaccinio-Piceetea)";"Acidophilous Picea forests of the montane to alpine levels (Vaccinio-Piceetea)";"false";1,00;;1,00;;;;"true";"false";
128,00;"9420";"Forêts";"Forêts de conifères des montagnes tempérées";"true";"Forêts alpines à Larix decidua et/ou Pinus cembra";"Alpine Larix decidua and/or Pinus cembra forests";"false";1,00;;;;;;"true";"false";
129,00;"9430";"Forêts";"Forêts de conifères des montagnes tempérées";"true";"Forêts montagnardes et subalpines à Pinus uncinata (* si sur substrat gypseux ou calcaire)";"Subalpine and montane Pinus uncinata forests (* if on gypsum or limestone)";"false";1,00;;1,00;1,00;;;"true";"false";
130,00;"9530";"Forêts";"Forêts de conifères des montagnes méditerranéennes";"true";"Pinèdes (sub)méditerranéennes de pins noirs endémiques";"(Sub-) Mediterranean pine forests with endemic black pines";"true";;;;1,00;;;"true";"false";
131,00;"9540";"Forêts";"Forêts de conifères des montagnes méditerranéennes";"true";"Pinèdes méditerranéennes de pins mésogéens endémiques";"Mediterranean pine forests with endemic Mesogean pines";"false";;14,00;;1,00;;;"true";"false";"ATL-SR"
132,00;"9560";"Forêts";"Forêts de conifères des montagnes méditerranéennes";"true";"Forêts endémiques à Juniperus spp.";"Endemic forests with Juniperus spp.";"true";1,00;;;1,00;;;"true";"false";
133,00;"9580";"Forêts";"Forêts de conifères des montagnes méditerranéennes";"true";"Bois méditerranéens à Taxus baccata";"Mediterranean Taxus baccata woods";"true";;;;1,00;;;"true";"false";
134,00;"1180";"Habitats côtiers et végétations halophytiques";"Eaux marines et milieux à marées";"true";"Structures sous-marines causées par des émissions de gaz";"Submarine structures made by leaking gases";"false";;;;;;;"true";"false";"Deux sites proposés en Bretagne pour le réseau Natura2000"
